{"cameraMode":{"drawMode":0,"name":"Shaded","section":"Shading Mode"},"sceneLighting":true,"audioPlay":false,"sceneViewState":{"showFog":true,"showMaterialUpdate":true,"showSkybox":true,"showFlares":true,"showImageEffects":true,"showParticleSystems":true},"in2DMode":false,"pivot":{"x":63.55585479736328,"y":23.66729736328125,"z":52.277828216552737},"rotation":{"x":-0.000687776948325336,"y":-0.9956607222557068,"z":-0.007468268275260925,"w":0.09289133548736572},"size":0.9386023879051209,"orthographic":false}